{"cameraMode":{"drawMode":0,"name":"Shaded","section":"Shading Mode"},"sceneLighting":true,"audioPlay":false,"sceneViewState":{"showFog":true,"showMaterialUpdate":false,"showSkybox":true,"showFlares":true,"showImageEffects":true,"showParticleSystems":true},"in2DMode":false,"pivot":{"x":7.630720615386963,"y":72.52941131591797,"z":161.26637268066407},"rotation":{"x":0.2834119498729706,"y":0.022213444113731386,"z":-0.006188931409269571,"w":0.9588016867637634},"size":10.0,"orthographic":false}